codigo_distrito,tipo_evento,fecha_inicio,fecha_fin,severidad,fuente,descripcion
50807,lluvia_intensa,2017-10-05,,,"DesInventar Costa Rica, ficha 2017-00766 (evento SPATE)","Arenal, Viejo Arenal. Socavacion de la calzada, perdidas en puentes y rios. Cuatro fincas de ganado con perdidas por avenida torrencial. Perdidas registradas: 1808 USD. Corresponde a la Depresion Tropical No.16 / Tormenta Tropical Nate."
50805,lluvia_intensa,2017-10-05,,,"DesInventar Costa Rica, ficha 2017-00767 (evento LANDSLIDE)","Libano Centro, Vergel. Dano en superficie de ruedo, obstruccion de cunetas por deslizamientos, cortes totales en carretera por socavacion. 15400 m de danos en vias. Deslizamiento desencadenado por las lluvias del mismo temporal."
50802,lluvia_intensa,2017-10-05,,,"DesInventar Costa Rica, ficha 2017-00768 (evento RAIN)","Quebrada Grande Centro, El Dos, La Esperanza, Las Brisas. Fincas afectadas: ganaderia de carne 1, ganaderia de leche 93, platano 31, hortalizas 1, cafe 3. Escuela La Esperanza afectada. 123471 m de danos en vias. Perdidas: 726148 USD."
50804,lluvia_intensa,2017-10-05,,,"DesInventar Costa Rica, ficha 2017-00769 (evento RAIN)","Santa Rosa Centro, Parcelas, Quebrada Azul. Colapso total de alcantarillado provocando corte de carretera. Ocho fincas de ganaderia de leche afectadas. Perdidas: 32669 USD."
50806,lluvia_intensa,2017-10-05,,,"DesInventar Costa Rica, ficha 2017-00770 (evento RAIN)","Tierras Morenas Centro, Tejonas. Obstruccion de media calzada. Fincas con perdidas: maiz 2, tomate 2. 17750 m de danos en vias. Perdidas: 24681 USD."
50801,lluvia_intensa,2017-10-05,,,"DesInventar Costa Rica, ficha 2017-00771 (evento RAIN)","La Torre, Rio Chiquito, El Silencio. Perdidas en puentes, derrumbe en cuneta y carril izquierdo. Cultivo de tomate 3, aves 2. 48290 m de danos en vias. Perdidas: 313371 USD."
50803,lluvia_intensa,2017-10-05,,,"DesInventar Costa Rica, ficha 2017-00772 (evento RAIN)","Tronadora Centro. Perdidas en puentes, carril derecho y cuneta obstruidos. 18580 m de danos en vias. Perdidas: 166310 USD."
50807,lluvia_intensa,2017-05-26,,,"DesInventar Costa Rica, ficha 2017-00015 (evento LANDSLIDE)","Fuertes lluvias provocaron varios deslizamientos en la zona, con afectacion de muchas familias. 15 viviendas destruidas, 60 damnificados, 60 afectados. La ficha atribuye explicitamente el deslizamiento a las lluvias."
50801,sequia,2014-09-30,,,"DesInventar Costa Rica, ficha 2014-00193 (evento DROUGHT)","Monsenor Morera, El Silencio, San Luis. Areas cultivadas de chile picante y lechuga afectadas. Los acueductos de las ASADA de Monsenor Morera, San Luis y El Silencio tuvieron disminucion de caudal. Declaratoria de emergencia por Decreto Ejecutivo 38642-MP-MAG."
50802,sequia,2014-09-30,,,"DesInventar Costa Rica, ficha 2014-00194 (evento DROUGHT)","San Ramon, Las Nubes. Areas cultivadas de cafe afectadas. Declaratoria de emergencia por Decreto Ejecutivo 38642-MP-MAG."
50803,sequia,2014-09-30,,,"DesInventar Costa Rica, ficha 2014-00195 (evento DROUGHT)","Areas cultivadas de tomate, chile dulce y lechuga afectadas. Declaratoria de emergencia por Decreto Ejecutivo 38642-MP-MAG."
50804,sequia,2014-09-30,,,"DesInventar Costa Rica, ficha 2014-00196 (evento DROUGHT)","Areas cultivadas de maiz afectadas. Afectacion en pasto y pasto de corte para ganaderia. Declaratoria de emergencia por Decreto Ejecutivo 38642-MP-MAG."
50805,sequia,2014-09-30,,,"DesInventar Costa Rica, ficha 2014-00197 (evento DROUGHT)","Solania, San Jose. Areas cultivadas de cafe, maiz, aguacate, tomate, chile dulce y lechuga afectadas. Afectacion en pasto y pasto de corte para ganaderia."
50806,sequia,2014-09-30,,,"DesInventar Costa Rica, ficha 2014-00198 (evento DROUGHT)","Areas cultivadas de tomate y chile dulce afectadas. Afectacion en pasto y pasto de corte para ganaderia. Declaratoria de emergencia por Decreto Ejecutivo 38642-MP-MAG."
50807,sequia,2014-09-30,,,"DesInventar Costa Rica, ficha 2014-00199 (evento DROUGHT)","El acueducto de la ASADA de Arenal tuvo disminucion permanente del caudal."
50807,lluvia_intensa,2014-10-05,,,"DesInventar Costa Rica, ficha 2014-00073 (evento LANDSLIDE)","La Union, ruta nacional 142 que comunica Tilaran con La Fortuna. Paso regulado por deslizamiento. 1000 m de danos en vias."
50801,lluvia_intensa,2013-10-03,,,"DesInventar Costa Rica, ficha 2013-00396 (evento FLOOD)","Barrio La Cabra. Una vivienda inundada, 4 damnificados. La cifra de damnificados la pondera DesInventar con el promedio nacional de habitantes por vivienda del Censo 2011 del INEC, no es un conteo directo."
50801,lluvia_intensa,2013-10-02,,,"DesInventar Costa Rica, ficha 2013-00388 (evento FLOOD)","Las Parcelas, alrededores de Coocique y San Antonio. Cinco viviendas inundadas, puente destruido, liceo inundado y caida de un muro de contencion. 20 damnificados ponderados."
50801,lluvia_intensa,2013-09-26,,,"DesInventar Costa Rica, ficha 2013-00355 (evento FLOOD)","Tilaran centro. Una vivienda inundada, 4 damnificados ponderados."
50801,lluvia_intensa,2012-06-22,,,"DesInventar Costa Rica, ficha 2012-00207 (evento FLOOD)","Tilaran. 8 viviendas afectadas, 32 damnificados ponderados con el Censo 2011 del INEC."
50807,lluvia_intensa,2012-05-31,,,"DesInventar Costa Rica, ficha 2012-00019 (evento SPATE)","La Union de Nuevo Arenal, ruta nacional 142. Destruccion del puente de concreto sobre la quebrada Flores y del paso de alcantarilla."
50805,lluvia_intensa,2011-10-19,,,"DesInventar Costa Rica, ficha 2011-00915 (evento FLOOD)","Ruta 925. Paso cerrado por inundaciones. Superficie de ruedo danada."
50806,lluvia_intensa,2011-10-19,,,"DesInventar Costa Rica, ficha 2011-00916 (evento FLOOD)","Ruta 927, entrada principal de Tierras Morenas hacia Tilaran y Canas. Paso regulado. Dano en la superficie de ruedo."
50801,lluvia_intensa,2011-10-19,,,"DesInventar Costa Rica, ficha 2011-00917 (evento FLOOD)","Ruta 925, Tilaran (rio Higueron) hacia San Jose (iglesia). Paso cerrado por inundacion."
50804,lluvia_intensa,2011-10-01,,,"DesInventar Costa Rica, ficha 2011-00690 (evento FLOOD)","Los Angeles. La fuente no especifica la cantidad de viviendas anegadas."
50801,lluvia_intensa,2011-09-02,,,"DesInventar Costa Rica, ficha 2011-00575 (evento FLOOD)","El Carmen. Se inundo el salon del liceo. 2 viviendas afectadas, 8 damnificados ponderados."
50801,lluvia_intensa,2010-07-20,,,"DesInventar Costa Rica, fichas 2010-00370 y 2010-00337 (evento FLOOD)","Ciudadela Juan XXIII y sector frente a la CCSS. 7 viviendas afectadas, 25 damnificados ponderados. En el segundo punto varias viviendas inundadas con nivel de agua de 25 cm, sin numero especificado."
50804,lluvia_intensa,2008-09-25,,,"DesInventar Costa Rica, ficha 2008-868 (evento FLOOD)","Barrio Los Angeles. La ficha no detalla afectacion."
50801,lluvia_intensa,2008-09-21,,,"DesInventar Costa Rica, ficha 2008-846 (evento FLOOD)","Inundaciones por fuertes lluvias, desbordamiento del rio y de alcantarillados en el sector de La Capri y la ciudadela."
50801,lluvia_intensa,2008-09-04,,,"DesInventar Costa Rica, ficha 2008-767 (evento FLOOD)","Inundacion por desbordamiento de una quebrada. Sin paso al poblado."
50802,lluvia_intensa,2008-10-08,,,"DesInventar Costa Rica, ficha 2008-1006 (evento LANDSLIDE)","Quebrada Grande. La ruta colapso en el paso de alcantarillado."
50801,lluvia_intensa,2007-09-21,,,"DesInventar Costa Rica, fichas 2007-970 y 2007-971 (evento FLOOD)","Ciudadela San Juan XXIII: tres casas inundadas y dos puentes rebalsados. Los Angeles: jardin infantil Hogar Madre Marcelina inundado."
50803,lluvia_intensa,2007-09-10,,,"DesInventar Costa Rica, ficha 2007-901 (evento FLOOD)","Tronadora. Una casa afectada."
50801,lluvia_intensa,2007-09-09,,,"DesInventar Costa Rica, ficha 2007-894 (evento RAIN)","El Silencio de Tilaran. Dos puentes colapsados, comunidad aislada."
50801,lluvia_intensa,2005-10-11,,,"DesInventar Costa Rica, ficha 2005-824 (evento FLOOD)","Sector 400 m sur y 25 m oeste de la iglesia. La ficha no detalla afectacion."
50801,lluvia_intensa,2004-10-18,,,"DesInventar Costa Rica, fichas 2004-561 y 2004-560 (evento FLOOD)","Barrio El Carmen y Ciudadela Juan XXIII. Varias viviendas inundadas, sin numero especificado en la fuente."
50801,lluvia_intensa,2004-09-19,,,"DesInventar Costa Rica, ficha 2004-406 (evento FLOOD)","Barrio La Cabra. Varias viviendas inundadas por desbordamiento de la quebrada Cabra y de alcantarillas."
50806,lluvia_intensa,2003-12-14,,,"DesInventar Costa Rica, ficha 2003-564 (evento FLOOD)","Rio Piedras Negras, 30 m norte de la iglesia. 20 viviendas afectadas."
50801,lluvia_intensa,1976-09-15,,,"DesInventar Costa Rica, ficha 1976-77 (evento LANDSLIDE)","Rio Chiquito. Llovia desde hacia 24 horas. Un terraplen alcanzo una vivienda: 1 muerto, 1 herido, 8 damnificados. La ficha atribuye explicitamente el deslizamiento a la lluvia."
50803,lluvia_intensa,1976-09-15,,,"DesInventar Costa Rica, ficha 1976-78 (evento LANDSLIDE)","Paso obstruido, puente arrasado, rio Chiquito desbordado. Mismo temporal que la ficha 1976-77."
50801,lluvia_intensa,1974-10-20,,,"DesInventar Costa Rica, ficha 1974-46 (evento FLOOD)","Rio Chiquito. La fuente no identifica el numero de viviendas afectadas. Varias reses perecieron ahogadas."
50806,lluvia_intensa,1970-11-11,,,"DesInventar Costa Rica, ficha 1970-121 (evento FLOOD)","Tramo de carretera entre Tierras Morenas y Quebrada Grande parcialmente destruido y el resto danado por temporal."
50804,incendio,2026-04-03,2026-04-05,alto,"La Nacion (seccion Foros), 27 de abril de 2026, con testimonio de funcionarios del Cuerpo de Bomberos","Incendio en finca ganadera en Los Angeles de Tilaran. Inicio alrededor de las 5 p.m. del Viernes Santo, avanzo por dos flancos y amenazo un caserio vecino, otra finca colindante y el pueblo. Una lluvia fuerte lo contuvo parcialmente esa tarde; siguieron dos dias mas apagando focos aislados. Al menos 20 personas participaron. Causa probable segun Bomberos: extraccion de miel de un panal usando fuego."
50801,lluvia_intensa,2017-05-25,2017-05-26,alto,"CNE via La Nacion y Periodico Guanacaste a la Altura, 25 y 26 de mayo de 2017","Onda tropical. Ciudadela Juan XXIII y San Luis. Albergue en el Centro Pastoral de Tilaran con 14 personas al 26 de mayo. Alerta amarilla de la CNE para el canton. El alcalde reporto entre 25 y 30 viviendas con danos de distinto grado en el canton."
50802,lluvia_intensa,2017-05-25,2017-05-26,medio,"CNE via La Nacion y Periodico Guanacaste a la Altura, 25 y 26 de mayo de 2017","Onda tropical. Problemas de paso en el distrito y vias danadas. Sin reporte de viviendas afectadas en este distrito."
50803,lluvia_intensa,2017-05-25,2017-05-26,alto,"CNE via La Nacion y Periodico Guanacaste a la Altura, 25 y 26 de mayo de 2017","Onda tropical. Ocho viviendas danadas por caida de material en Arenal Viejo de Tronadora, escuela unidocente con ingreso de lodo, acueducto de la ASADA fuera de servicio con 773 conexiones sin agua potable, perdida de ganado, ruta 926 con deslizamientos, 12 km de paso cerrado entre Tronadora, Arenal Viejo y Rio Chiquito."
