id,requisito,modulo,prueba,carpeta_evidencia,rubrica,nota_estado
H1.1,"Series climaticas diarias, 10 anios",backend/etl,test_extractor_power,docs/evidencias/bases-de-datos/,,
H1.2,Historico de focos de calor,backend/etl,test_extractor_firms,docs/evidencias/bases-de-datos/,,
H1.3,Geometrias de distritos en 3FN con SRID validado,"basedatos/ddl, backend/etl","basedatos/verificar_h13.py, consultas/verificar_modelo.sql, consultas/verificar_transaccion.sql",docs/evidencias/bases-de-datos/,"BD-1, BD-3",
H1.5,Reporte de calidad de datos,backend/calidad,"test_reporte_calidad, 22 casos, mas la corrida sobre las 102272 filas reales",docs/evidencias/objetivos/,,"Hallazgo: seis de siete variables con 0.00 % de variacion espacial. Los ocho distritos comparten la celda de NASA POWER. Ver I-05"
H1.8,"Esquemas, roles, minimo privilegio",basedatos/seguridad,test_permisos_rol,docs/evidencias/bases-de-datos/,,
H1.9,Control transaccional con manejo de errores,basedatos/procedimientos,test_rollback,docs/evidencias/bases-de-datos/,,
H1.10,Estrategia de respaldo probada,basedatos/respaldos,restauracion manual,docs/evidencias/bases-de-datos/,,
H2.1,Filtrado de ruido con justificacion del filtro. Alcance acotado por D-17: no aplica a precipitacion,backend/senales,"test_filtros, 19 casos",docs/evidencias/senales-y-sistemas/,,pendiente reejecutar contra las series reales de H1.1
H2.2,"Analisis espectral de estacionalidad, sobre la serie cruda (D-17)",backend/senales,"test_espectro, mas los seis criterios de aceptacion escritos antes de correr",docs/evidencias/senales-y-sistemas/,,"Veranillo detectado en los ocho distritos, de 23 a 47 veces el modelo nulo. La razon varia por factor 2.10 entre distritos"
H2.3,"SPI por ventana movil, sobre la serie cruda (D-17)",backend/senales,"test_spi, 21 casos",docs/evidencias/senales-y-sistemas/,,"SC-02 resuelta por D-19 e implementada: spi() recibe el parametro `meses`. Atribuciones cerradas el 2026-08-22 tras leer WMO-No. 1090 completo"
H2.4,"Anomalias respecto a la normal climatologica 1991-2020, sobre la serie cruda (D-17)",backend/senales,"test_anomalias, 24 casos",docs/evidencias/senales-y-sistemas/,,SC-06 pendiente: el contrato no recibe fechas y se supone que la serie arranca en enero
H2.7,"Percentiles de lluvia intensa por distrito: R95p/R99p del ETCCDI y percentil de acumulado de 72 h, que no son lo mismo",backend/senales,"test_percentiles, 17 casos",docs/evidencias/senales-y-sistemas/,,
H3.0,Etiquetado de la variable objetivo,backend/modelado,test_etiquetado,docs/evidencias/,,
H3.1,Linea base climatologica,backend/modelado,test_linea_base,docs/evidencias/,,
H3.6,Tabla comparativa de estimadores contra la linea base por evento,"backend/modelado/comparar.py","backend/modelado/verificar_h36.py, 31 comprobaciones sin base de datos",docs/evidencias/objetivos/,,"arnes y contrato entregados; la tabla espera los tres algoritmos de H3.3, H3.4 y H3.5"
H4.2,Explicabilidad con SHAP,backend/modelado,test_shap,docs/evidencias/,,
H5.1,"Mapa del canton con poligonos distritales, zoom y desplazamiento",frontend,"frontend/herramientas/verificar_escala.py, npm run lint, npm run build, verificacion visual documentada",docs/evidencias/computacion-grafica/,,
H5.3,Coropletas de riesgo por evento con rampa de color y leyenda,frontend,"frontend/herramientas/exportar_simulados.py, npm run lint, npm run build, verificacion visual documentada",docs/evidencias/computacion-grafica/,,
H5.6,Transformacion de coordenadas,frontend,test_proyeccion,docs/evidencias/computacion-grafica/,,
H6.1,API REST documentada,backend/api,test_openapi,docs/evidencias/arquitectura-software/,,
H8.1,Despliegue reproducible,"docker-compose.yml, infra/docker/init-db",levantado en maquina limpia,docs/evidencias/sistemas-operativos/,,
H8.2,ETL concurrente medido,backend/etl,test_concurrencia,docs/evidencias/sistemas-operativos/,,
H1.14,Ingesta reejecutable con cadencia y producto declarados,backend/etl,test_ingesta_idempotente,docs/evidencias/bases-de-datos/,,
H1.15,"Crear analitico.riesgo con sus restricciones",basedatos/ddl,test_analitico_riesgo,docs/evidencias/bases-de-datos/,,
H9.1,"Instrumentos de validacion externa: SUS en espanol validado, guion de entrevista y dosier de casos historicos",docs/investigacion,"no aplica: es material para la sesion, no software. Los datos del dosier salen del catalogo validado por python -m backend.calidad.validar_catalogo",docs/evidencias/objetivos/,,"Cuatro casos, uno por cada tipo de evento. El de incendio es unico y su fuente es prensa: sirve para la sesion, no para el contraste de H4.4"
H9.2a,Validacion externa de usabilidad con SUS,docs,acta de sesion,docs/evidencias/objetivos/,,
H9.2b,Contraste de la estimacion contra eventos vividos,docs,acta de sesion,docs/evidencias/objetivos/,,
H10.1,Plan de pruebas con casos por modulo,docs/investigacion,"no aplica: es el plan, no la suite",docs/evidencias/calidad/,,
H10.4,Manual tecnico verificado por alguien ajeno al desarrollo,docs,"los comandos de su seccion 5, ejecutados",docs/evidencias/entregables/,,En progreso: falta la verificacion externa
H13.1,Actas de las ceremonias Scrum,docs,contraste de cada cifra contra git log y el backlog,docs/evidencias/arquitectura-software/,,
H10.2,Suite de pruebas del backend,backend/tests,los 39 casos del plan H10.1,docs/evidencias/calidad/,,
H10.5a,15 referencias IEEE con ficha de contenido,docs/investigacion,verificacion de cada DOI contra la editorial,docs/evidencias/entregables/,,
H10.5b,Estado del arte de Costa Rica,docs/investigacion,verificacion de las fuentes nuevas contra el sitio del editor,docs/evidencias/entregables/,,
H4.3,Catalogo de 12 o mas eventos historicos con fuente,"docs/investigacion, backend/calidad",python -m backend.calidad.validar_catalogo,docs/evidencias/objetivos/,,
H4.4,Contrastar estimaciones contra el catalogo,backend/modelado,test_contraste_catalogo,docs/evidencias/objetivos/,,"Pendiente: sin eventos de incendio catalogables, ver H4.3"
H6.4,Seis o mas registros ADR escritos,docs,"docs/herramientas/verificar_adr.py, 18 de 18 completos",docs/evidencias/arquitectura-software/,,
H8.5,"Credenciales por variables de entorno, fuera del repositorio",".env.example, docker-compose.yml",rastreo del historial de git buscando .env,docs/evidencias/sistemas-operativos/,,
H8.6,Manifiestos de Kubernetes corriendo en k3d local,infra/k8s,kubectl apply sobre un cluster k3d recien creado,docs/evidencias/arquitectura-software/,,
H10.8,Carpeta de evidencias organizada por materia con indice,docs/evidencias,docs/herramientas/verificar_cobertura_evidencias.py,docs/evidencias/sistemas-operativos/,,
H6.6,El visor consume la API real en lugar de los JSON estaticos,"frontend/src/datos/cliente.js, backend/api",verificacion de punta a punta con la API levantada,docs/evidencias/arquitectura-software/,,
H5.2,Cuatro o mas capas conmutables con control de opacidad,frontend,"npm run lint, npm run build, verificacion visual documentada",docs/evidencias/computacion-grafica/,,
H5.4,Mapa de calor por interpolacion IDW sobre la probabilidad,frontend,"npm run lint, npm run build, verificacion visual documentada",docs/evidencias/computacion-grafica/,,
H7.1,Semaforo de riesgo por distrito y evento con umbrales documentados,frontend,"npm run lint, npm run build, verificacion visual documentada",docs/evidencias/computacion-grafica/,,
H11.5,Publicar el visor como sitio estatico con datos declarados simulados,".github/workflows/ci.yml, frontend/vite.config.js, frontend/src/datos/cliente.js","docs/herramientas/verificar_h115.py, 22 comprobaciones sobre el dist construido",docs/evidencias/arquitectura-software/,,
H3.0,Implementar el etiquetado de los tres eventos y su distribucion de clases,"backend/modelado/etiquetado.py, backend/modelado/generar_etiquetas.py","backend/modelado/verificar_h30.py, 37 comprobaciones sin base de datos",docs/evidencias/objetivos/,,
H5.8,Encuadre del mapa en el canton y marca de seleccion accesible,frontend,"frontend/herramientas/verificar_escala.py, npm run lint, npm run build, verificacion visual documentada",docs/evidencias/computacion-grafica/,,
H3.2,Definir y documentar la validacion por ventana expansiva,"backend/modelado/particion.py","backend/modelado/verificar_h32.py, 61 comprobaciones sin base de datos",docs/evidencias/objetivos/,,
H3.1,Construir la linea base climatologica por distrito mes y tipo de evento,"backend/modelado/linea_base.py, backend/modelado/evaluar_linea_base.py","backend/modelado/verificar_h31.py, 32 comprobaciones sin base de datos",docs/evidencias/objetivos/,,
H5.7,Selector de fecha que recarga el estado del mapa,frontend,"npm run lint, npm run build, verificacion visual con la API arriba y abajo",docs/evidencias/computacion-grafica/,,
H6.0,Imagenes de contenedor de la API y del visor,"infra/docker/api.Dockerfile, frontend/Dockerfile, docker-compose.yml","backend/api/verificar_h60.py, 7 criterios construyendo y levantando de verdad",docs/evidencias/arquitectura-software/,,
H6.2,Repositorio contra PostgreSQL con pruebas sin base de datos,backend/api/repositorio_postgres.py,"backend/api/verificar_h62.py y backend/api/test_repositorio_postgres.py",docs/evidencias/arquitectura-software/,,
H1.7,Manifiesto del dataset consolidado con sumas por fuente (D-29),"basedatos/generar_manifiesto.py, basedatos/ddl/manifiesto-dataset.md","basedatos/verificar_h17.py, necesita la base levantada",docs/evidencias/bases-de-datos/,,
H1.4,Criterios de imputacion probados contra huecos inyectados (D-22),backend/etl/imputacion.py,"backend/etl/verificar_h14.py y backend/etl/test_imputacion.py",docs/evidencias/bases-de-datos/,,
